"Organism","AAOrganism","Number","x.Gene","AAGene","Start","AAStart","End","AAEnd","AA_sequence"
"AGTU.c01","AGTU.c01",1,"ropA_2","ropA_2","703145","703145","704191","704191","MNIKSLLIGSAAALAAVSGAQAADAIVAAEPEPLEYVRVCDAFGTGFFYIPGTETCLKFGGYIRFQTNFGRDSSGTSDWDSFTRAQFEVDTRTDTELGALRGFIGFRGNADGGTAGAVSGTGNTGSGVFVDQAFIELGGLKVGKFYSWWDDDLNGETDILSTNTLFNSIKYTYDAGSFQAALSVDELEGQYGQYQYGADNNVGIGGMIGGKFGAVTANLIASYDFDAENVAIRGILFADIGPGTFGLAGVWASGDNAYYAKSEWAVAVEYAIKATDRLTLTPGFEYLSKLDVNQLDGDFTGDRDAWTAGLTVDYKITEGLATKITANYYDEDGRDDEVTGFVRLQRTF"
"AGTU.c01","AGTU.c01",3,"fadD","fadD","82768","82768","84477","84477","MSELSLGQPENVSVQKRWLSSYPQGVPAEIPASAYSSLVELLEKSCVQFADRKAFSSMGKSLTYRELDIETRAVAAWLQSRGLEKGDRVAVMMPNILQNPVAVYGILRAGMIVVNVNPLYTPRELEHQLKDSGAKALFVLENFAHVAQQAVPKTAVRHVVVAAMGDLLGLKGHIVNLVVRKVKKLVPAYAIPGSISFKAVLKEGQELPLKPASLNAQDIAFLQYTGGTTGISKGAILTHANLLANKAQISLWLDAAFSGKDRPEVLNFICALPLCHIFALTVNSLMGIALGGHNLLIANPRDIPGFVKELSHYRPHIFPGINTLFNAMMNNEDFRKLDLSSLILVLGGGMAVQRPVAERWLSMVGCPIAEGYGLSETSPVATVNRLDATEFSGTIGLPISSTEIDIRDEEGNSLPSGEVGEICIRGPQVMAGYWQRPDETAKAMTADGFFRSGDMGFMDDRGYTKIVDRKKDMILVSGFNVYPNEVEEVAASHPGVLECAAIGVPDEHSGETVKLFVVKKDQSLTEAELKAFCAKNLTNYKRPKIIEFRTELPKSNVGKILRRELRNLN"
"AGTU.c01","AGTU.c01",4,"AGTU_00650","AGTU_00650","677068","677068","677808","677808","MSGFQRLNIVRKTRFGAALAAGVVVIVSLSGGPLVAASCRTDAMAGIDWRECNKRLLMLGGSNLDSAMLYGTDFTYTDLRGSSLKGANLEKAKLIRTALGEANLQGANLTKVEAYRSDFTAADATNAKFINAEMQRTKFENTKLDGTDFTKAELGRADFEGATLNGSKFSLTNLSRARFGGAKLGGPVDFTSAFLLLTRIEGLDLSTATGLDQKQIDIACGDAKTKLPNGLTAPASWPCPEEPDDD"
"AGTU.c01","AGTU.c01",5,"yjgN","yjgN","2863278","2863278","2864348","2864348","MSDISVSADQRAIERGSFSGNAKEYFGIWIVNILLTIITIGIYSAWAKVRRKRYFNGNTVLAGRAFGYHATGGQIFKGRLIAFAFIVISQLVGLIHPFLVFVPAILLMIFFPWLITRSIRFNARVTSYRNVRFDFVGTAGGAFVSILLGGLVALFSFGILAPLASRWANRYIFSNLRYGDRPFTADPKIGALYRVWIIPAIMVVIGSVVVGFFGIAAFAANSAMLEDETAAMVTALASLYIGLFGAFLVYGLAGVVYRTGVRNVVISSMLLDGKHELRSDLHRGRYLWIVISNLIVTVFTFGLMRPWAAVREARYTVERTAIRFNGDVGEVLSSMEATGAAVSAEYMDMEGFEFGF"
"AGTU.c01","AGTU.c01",6,"AGTU_01326","AGTU_01326","1372185","1372185","1372541","1372541","MGKKKEPHPLDLLPFTAKRDGKQLPKPTGDQWPRCFWHVHPTGDYGVDTKIGQEYALAYLDFEENDVGGPGCLNLIVQDMPRELSGIEHSFLQMVCFQAKAGKGRARRIASFWEGAAA"
"AGTU.c02","AGTU.c02",7,"secA","secA","553939","553939","556656","556656","MVSLGGIARKLFGSANERRVRSYKSKIAAINALEEATKALSDEALAAKTVEFRQQLADGKSLDDLLIPAFAVAREASRRVLHMRPFDVQLTGAMILHGGAIAEMKTGEGKTLVATLAVYLNALAGKGVHVVTVNDYLAKRDAATMSRLYGFLGLTTGVIVHGLDDDQRREAYACDITYATNNELGFDYLRDNMKYDRAQMVQRSHNYAIVDEVDSILVDEARTPLIISGPLDDRSDLYNTIDAFIPLLSPEDYEIDEKQRSANFSEDGTEKLENLLRQAGLLKGESLYDIENVAIVHHINNALKAHKLFTRDKDYIVRNDEIVIIDEFTGRMMPGRRYSEGQHQALEAKEKVQIQPENQTLSSVTFQNYFRMYAKLAGMTGTASTEAEEFGNIYGLDVIEVPTNLPIQRIDEDDEVYRTGEEKFLAIITEIKAAHERGQPVLVGTTSIEKSELLAHMLRQSGFTDFQVLNARYHEQEAYIVSQAGVPGAVTIATNMAGRGTDIQLGGNVDMRLERELEGMEPGPERDAKEEAIRAEIKVLKEKALAAGGLYVIATERHESRRIDNQLRGRSGRQGDPGRSKFYLSLQDDLMRIFGSERMDSMLQKLGLKEGEAIVHPWINKALERAQKKVEARNFETRKNLLKYDDVLNDQRKVIFEQRLELMESDNIGETAADMRHEVIEALVTKHIPENAYAEQWDIAGLKAGIEQFLNLNLPVEEWAKEEGIAEDDILERVTEAADKYAAERAERFGPEIMAYVERSVVLQTIDHLWREHIVNLDHLRSVVGFRGYAQRDPLQEYKAEAFELFQTLLTNLREAVTAQLMRVELVQQEPQQPELPEMTAHHLDPVTGEDEMSHIGQVAPVAFVPSEERDPNNPATWGRIGRNEMCPCGSGKKYKHCHGVYEQA"
"AGTU.p02","AGTU.p02",8,"frmR","frmR","181281","181281","181562","181562","MPHSIEDRKRVSTRLRRIKGQVEALERAVEAGTECRLLLQQIAAMRGAAGGVMAEVLEIHLRETMGSAELQQKPSIKDDQMEDIMKILRAYLK"
"COTE.c01","COTE.c01",11,"nasR","nasR","5465708","5465708","5466982","5466982","MKTPLHYLVAARQSEIAELEQISRASSLVASVSELVHALQKERGLSNIFLVSGGAQAQQSLLDHGRHVDRVMERVCLALEELGARAPGAHGARLFNAIANALQGFEALPLLRRRRDALQLSAEDCTQALIRMIAACLTVVFEAADSACDPDIAKLLVALFHFMQGKELAGQERATGVAAFTAGGGRSERQRHWLHLIESQERCFQVFADFASPSGMERWQQQCGACPDMTVIERLRRMGCTAGDGMALDRSLSSPWFEACSSRLDAMHQIEAFLADELQAQCLRKLEQAGAALGQQLALLEMQPQPGTRAEAAAAFLGATQSAASLPAEGAYGLQLEKSIVLLVQEQSMRLQDMQTEIDKARATLKERKTIERAKGVLMNYRQLSEGDAYKLIRQTAMNQNRRMLDVAEAILATVDLLPGSTNS"
"COTE.c01","COTE.c01",12,"nasR","nasR","5465708","5465708","5466982","5466982","MKTPLHYLVAARQSEIAELEQISRASSLVASVSELVHALQKERGLSNIFLVSGGAQAQQSLLDHGRHVDRVMERVCLALEELGARAPGAHGARLFNAIANALQGFEALPLLRRRRDALQLSAEDCTQALIRMIAACLTVVFEAADSACDPDIAKLLVALFHFMQGKELAGQERATGVAAFTAGGGRSERQRHWLHLIESQERCFQVFADFASPSGMERWQQQCGACPDMTVIERLRRMGCTAGDGMALDRSLSSPWFEACSSRLDAMHQIEAFLADELQAQCLRKLEQAGAALGQQLALLEMQPQPGTRAEAAAAFLGATQSAASLPAEGAYGLQLEKSIVLLVQEQSMRLQDMQTEIDKARATLKERKTIERAKGVLMNYRQLSEGDAYKLIRQTAMNQNRRMLDVAEAILATVDLLPGSTNS"
"COTE.c01","COTE.c01",15,"nasR","nasR","5465708","5465708","5466982","5466982","MKTPLHYLVAARQSEIAELEQISRASSLVASVSELVHALQKERGLSNIFLVSGGAQAQQSLLDHGRHVDRVMERVCLALEELGARAPGAHGARLFNAIANALQGFEALPLLRRRRDALQLSAEDCTQALIRMIAACLTVVFEAADSACDPDIAKLLVALFHFMQGKELAGQERATGVAAFTAGGGRSERQRHWLHLIESQERCFQVFADFASPSGMERWQQQCGACPDMTVIERLRRMGCTAGDGMALDRSLSSPWFEACSSRLDAMHQIEAFLADELQAQCLRKLEQAGAALGQQLALLEMQPQPGTRAEAAAAFLGATQSAASLPAEGAYGLQLEKSIVLLVQEQSMRLQDMQTEIDKARATLKERKTIERAKGVLMNYRQLSEGDAYKLIRQTAMNQNRRMLDVAEAILATVDLLPGSTNS"
"COTE.c01","COTE.c01",16,"trkH","trkH","5643413","5643413","5644879","5644879","MKDLLPVLRVLGMLMMMFAGAMLLPFGISWFTQDGIWRIYPWSIGLTVGVGLLLWGGLHRHKQDLQPRHGVILVTLVWVVLPLCAMVPLVMGLNRVGISISLTHAYFEAVSGLTTTGATVLSGLDQLPVSINVWRTFMQWMGGMGILILAVAVLPLLGVGGAQLFRAEAAGPVKDTKLTPRITETAKGLWGVYALFSIGCFVTFWVCGMQPLDALMHMFATVSLGGLSSHDASFAYFNSPLLEVAALLFMLLASCNFALYFVAMRKGRIESFMRDPEMRATIGVLLGSGLLVALLLWIKGVYGPLDALRNGMFHTVSVATTTGFSTTDYLAWPVFIPVLLLLLSGVATSAGSTGGGIKMVRMLILVKQARREMTRLVHPRAVQPVRLGDAVVDNPMIFSVLAYMLVYGATVIVLSMVLLLTDLDPLTAFSAVLASVHCMGPGLGAVGPSSNYTVLTDFQIWVCTLGMLLGRLEILSFMALLSPAFWRR"
"COTE.c01","COTE.c01",18,"COTE_04126","COTE_04126","4436374","4436374","4436670","4436670","MNFSDAIKELTLGKRLQRTGWGGKGLFVYLVPAASCPVQTGAAKEHFGVGAMVPYNAYLAIKNVDETVSTWVPSVNACLADAGCGGLHGLAPPSARAG"
"COTE.c01","COTE.c01",19,"nasR","nasR","5465708","5465708","5466982","5466982","MKTPLHYLVAARQSEIAELEQISRASSLVASVSELVHALQKERGLSNIFLVSGGAQAQQSLLDHGRHVDRVMERVCLALEELGARAPGAHGARLFNAIANALQGFEALPLLRRRRDALQLSAEDCTQALIRMIAACLTVVFEAADSACDPDIAKLLVALFHFMQGKELAGQERATGVAAFTAGGGRSERQRHWLHLIESQERCFQVFADFASPSGMERWQQQCGACPDMTVIERLRRMGCTAGDGMALDRSLSSPWFEACSSRLDAMHQIEAFLADELQAQCLRKLEQAGAALGQQLALLEMQPQPGTRAEAAAAFLGATQSAASLPAEGAYGLQLEKSIVLLVQEQSMRLQDMQTEIDKARATLKERKTIERAKGVLMNYRQLSEGDAYKLIRQTAMNQNRRMLDVAEAILATVDLLPGSTNS"
"COTE.c01","COTE.c01",24,"nasR","nasR","5465708","5465708","5466982","5466982","MKTPLHYLVAARQSEIAELEQISRASSLVASVSELVHALQKERGLSNIFLVSGGAQAQQSLLDHGRHVDRVMERVCLALEELGARAPGAHGARLFNAIANALQGFEALPLLRRRRDALQLSAEDCTQALIRMIAACLTVVFEAADSACDPDIAKLLVALFHFMQGKELAGQERATGVAAFTAGGGRSERQRHWLHLIESQERCFQVFADFASPSGMERWQQQCGACPDMTVIERLRRMGCTAGDGMALDRSLSSPWFEACSSRLDAMHQIEAFLADELQAQCLRKLEQAGAALGQQLALLEMQPQPGTRAEAAAAFLGATQSAASLPAEGAYGLQLEKSIVLLVQEQSMRLQDMQTEIDKARATLKERKTIERAKGVLMNYRQLSEGDAYKLIRQTAMNQNRRMLDVAEAILATVDLLPGSTNS"
"COTE.c01","COTE.c01",27,"nasR","nasR","5465708","5465708","5466982","5466982","MKTPLHYLVAARQSEIAELEQISRASSLVASVSELVHALQKERGLSNIFLVSGGAQAQQSLLDHGRHVDRVMERVCLALEELGARAPGAHGARLFNAIANALQGFEALPLLRRRRDALQLSAEDCTQALIRMIAACLTVVFEAADSACDPDIAKLLVALFHFMQGKELAGQERATGVAAFTAGGGRSERQRHWLHLIESQERCFQVFADFASPSGMERWQQQCGACPDMTVIERLRRMGCTAGDGMALDRSLSSPWFEACSSRLDAMHQIEAFLADELQAQCLRKLEQAGAALGQQLALLEMQPQPGTRAEAAAAFLGATQSAASLPAEGAYGLQLEKSIVLLVQEQSMRLQDMQTEIDKARATLKERKTIERAKGVLMNYRQLSEGDAYKLIRQTAMNQNRRMLDVAEAILATVDLLPGSTNS"
"MISA.c01","MISA.c01",30,"MISA_01549","MISA_01549","1628109","1628109","1629221","1629221","VPENHEPQERSLGGQPPEAVEKIYADGVAMVQLLGPQDRLLRMLEKEHRDVQVLVRGNEITLSGTADAVAKAKTLVEELLEMTRAGHDLAPSDVSSSARMLRQEGGPRPSEVLGEAILTTRGKVIRPKTLGQKEYVDAIEENTIVFGIGPAGTGKTYLAMAKAVQALQRKEVTRIILTRPAVEAGERLGFLPGTLTDKIDPYLRPLYDALNEMMDPEIVPRLMATGTIEVAPLAYMRGRTLNDSFVVLDEAQNTTPEQMKMFLTRLGFGTRMVVTGDITQVDLPQGSSGLRLVTRVLDGIDDIHFSRLTSDDVVRHSLVGRIVDAYSEYDEKRTAQRFEREQAAEFANRAERRGAQRPGPRDRAPKRGLS"
"MISA.c01","MISA.c01",31,"puuP_3","puuP_3","2587129","2587129","2588556","2588556","MATKTKPLAQGGGTLRRNLGLWAIVGLGLGYMTPTVVFDTFGMVARDTDNVVPAAYLVALVVMVFTAISYGKISSAIPSAGSAYTYVRESIHPNLGFMVGWTSLIDYVLLPMVNCLIIRSYLEALFPEIPGWIWVVLYCILVTSIIYLTMRGTSNLNMILLIFSIIVMVVFVVMVIAQLMRGEGAATVASMTPFFHDGATMSAVLMGATIVCFSFIGFDAVTMYAEEAKDPKIMPKAILLTVLLGGAIFLISGYLTQLRFPDWNEFAPGGDMQFVEDSTLPVIGNLVGGPVLMAVLTAAGFCATLASGLASHASVSRMLLVMGRNNVLPQRAFGYINPRTHTPTFNIVLVGAISLLAIPFTLELIAAWINFGALIAFTFVNISVIAWFAIRKGRRKTPGDIFSFIVMPGIGMVLTGLLWANLHEDALRGGLVWTAIGVVYLAIITKGFRKKVVAFDENQAVTGYNKVVKVPVDES"
"MISA.c01","MISA.c01",32,"ftsH_1","ftsH_1","697714","697714","699714","699714","MDVKKLTRNPLIYVALIGVLLFGGFLLISNLGAPKQITTQEGLKLLSGTTVTEVVNTDGDQRVDMTLSKPFQGSENVQFYYVDARADEVVTAINEAAPKDGFNDAVPRATWFDGFLSLLLPLVLLGLLFWWLLSSMQGGGGKVMQFGKSKAKLVNKETPTVTFADVAGADEAIEELHEIKEFLQDPAKFQAIGARIPKGVLLYGPPGTGKTLLARAVAGEAGAPFYSISGSDFVEMFVGVGASRVRDLFGQAKENAPAIIFIDEIDAVGRHRGAGMGGGNDEREQTLNQMLVEMDGFDPNANVIVIAATNRPDILDPALLRPGRFDRQIGVDAPDLKGRQKILEVHSKGKPLAKSVDLEVVARKTPGFTGADLANVLNEAALLTARSNAQLVDNRALDEAIDRVIAGPQRRTRVMRDKEKLITAYHEGGHALAAAAMNYTDPVTKITILPRGKALGYTMVLPLDDKYSVTRNELQDQLTYAMGGRVAEEIVFHDPTTGASNDIEKATSIARKMVIEYGMTAELGPVKLGTEGGEPFAGRDMGRGREYSETIAERVDTQVRALIEQAHNEAYEVISANRDILDKLALALLEEETLDHNQIAEIFTEIKKLPERPLWLSSERRPVSERPPIEVPKKDVSLAASVEAPASAPRTQPGSAGAGNPRPATA"
"MISA.c01","MISA.c01",33,"dedA_1","dedA_1","1281677","1281677","1282456","1282456","MLHAPTALIPWLDPATIIGTAGPWALLVVCFIIFAETGLLVGFLLPGDTLLVIAGLLSHPIAGSEHGVFGINVWWVALLIGLAAFVGGEVGYVIGHKGGPAVFERKESGLFSKKNVERTNAFFERFGGITVILARFVPIVRTFAPVAAGVGHMPWRKYTLYNLIGAVLWGFGLTMFGYLIGFIPPVAEFVESYIDLILLAAVGGTALVTLWHYLSERHKAKKSAAAGEDVVTDAEEAQELVLDADVFDRSPDLDGDGKH"
"MISA.c01","MISA.c01",34,"srlR","srlR","3643263","3643263","3644012","3644012","MLAAQRKDHLLDLLARDGRVVAKTVADEVGVSEDAIRRDLRELAEEGKLQRVYGGALPIPAPEAPVSERTELATASKERVARAAVATIRPDSTIILDAGTTTLAMARILPSGTGLTVITASPTVALAAAEHSDARVIMVGGELSRHSLVTGGGMAMEAIQHLAADTFFLGATGIDPARGLTTGELEDAVTKRALASRCTETVVLASEEKIGAVARYPILALDAVTAIITDPADDNPLTAEVESRIAGRE"
"OCAN.c02","OCAN.c02",38,"yjiA","yjiA","2115807","2115807","2116997","2116997","MPNPIPVSVLTGFLGSGKTTLLNRLLKDPALSDTAVIINEFGEISIDHLLVEQASEGVIELSDGCLCCTVRGELVDTLADLIDRLQTGRIKALKRVIIETTGLADPAPVLHSIMGHPVLMQAFRLDGVLATVDAVNGMATLDNHEEAVKQAAMADRIVLTKTDLPEAQSGLAALKARLHALHPGADILEAGEQRTGYAALFECGLYNPETKSADVQRWLKAEAYEDGHHDHSHHGRSHGPDHACGPNCDHDHHHHDEHHHDHGHAHHHHHDDAIRSFSLRHDAPIPLSTFDMFLDLLRSTHGEKLLRVKGIVQIAEDPDRPVVIHGVQKIFHPPARLPQWPQDKRETLLVMIVKDLPETYVRELFDAFLGRPALDRPDRAALMENPLAIPGFSPRS"
"OCAN.c02","OCAN.c02",39,"yjiA","yjiA","2115807","2115807","2116997","2116997","MPNPIPVSVLTGFLGSGKTTLLNRLLKDPALSDTAVIINEFGEISIDHLLVEQASEGVIELSDGCLCCTVRGELVDTLADLIDRLQTGRIKALKRVIIETTGLADPAPVLHSIMGHPVLMQAFRLDGVLATVDAVNGMATLDNHEEAVKQAAMADRIVLTKTDLPEAQSGLAALKARLHALHPGADILEAGEQRTGYAALFECGLYNPETKSADVQRWLKAEAYEDGHHDHSHHGRSHGPDHACGPNCDHDHHHHDEHHHDHGHAHHHHHDDAIRSFSLRHDAPIPLSTFDMFLDLLRSTHGEKLLRVKGIVQIAEDPDRPVVIHGVQKIFHPPARLPQWPQDKRETLLVMIVKDLPETYVRELFDAFLGRPALDRPDRAALMENPLAIPGFSPRS"
"OCAN.c02","OCAN.c02",40,"yjiA","yjiA","2115807","2115807","2116997","2116997","MPNPIPVSVLTGFLGSGKTTLLNRLLKDPALSDTAVIINEFGEISIDHLLVEQASEGVIELSDGCLCCTVRGELVDTLADLIDRLQTGRIKALKRVIIETTGLADPAPVLHSIMGHPVLMQAFRLDGVLATVDAVNGMATLDNHEEAVKQAAMADRIVLTKTDLPEAQSGLAALKARLHALHPGADILEAGEQRTGYAALFECGLYNPETKSADVQRWLKAEAYEDGHHDHSHHGRSHGPDHACGPNCDHDHHHHDEHHHDHGHAHHHHHDDAIRSFSLRHDAPIPLSTFDMFLDLLRSTHGEKLLRVKGIVQIAEDPDRPVVIHGVQKIFHPPARLPQWPQDKRETLLVMIVKDLPETYVRELFDAFLGRPALDRPDRAALMENPLAIPGFSPRS"
"OCAN.c02","OCAN.c02",41,"yjiA","yjiA","2115807","2115807","2116997","2116997","MPNPIPVSVLTGFLGSGKTTLLNRLLKDPALSDTAVIINEFGEISIDHLLVEQASEGVIELSDGCLCCTVRGELVDTLADLIDRLQTGRIKALKRVIIETTGLADPAPVLHSIMGHPVLMQAFRLDGVLATVDAVNGMATLDNHEEAVKQAAMADRIVLTKTDLPEAQSGLAALKARLHALHPGADILEAGEQRTGYAALFECGLYNPETKSADVQRWLKAEAYEDGHHDHSHHGRSHGPDHACGPNCDHDHHHHDEHHHDHGHAHHHHHDDAIRSFSLRHDAPIPLSTFDMFLDLLRSTHGEKLLRVKGIVQIAEDPDRPVVIHGVQKIFHPPARLPQWPQDKRETLLVMIVKDLPETYVRELFDAFLGRPALDRPDRAALMENPLAIPGFSPRS"
